"Interaction status","Chimeric read structure","Local alignments of chimera","Part1","Part2","Gene IDs","Transcript IDs","RNA catagory","RepeatMasker annotation","RepeatMasker annotation catagory","Read name","Read Sequence","Alignment Score","Deprecated Chimera uniqueness","Alignment positions in transcripts","RepeatMask offset positions","Alignment lengths","Genome start position of alignment segment","1","2","3","4","5","6","7","8"
"I","A:B","34:1","RNU4-2","SNORD3A","ENSG00000263934.2:ENSG00000202538.1","ENST00000365494.1:ENST00000365668.1","lincRNA:snRNA","U3_snRNA:U4_snRNA","snRNA:snRNA","57719169e66c6a23","CGTGTAGAGCACCGAAAACCACGAGGAAGAGAGGTA_AGTGGCAGTATCGTAGCCAATGAGGTTTATCCGAGGCGCGATTATTGCTAATTGAAAACTTTTCCCAATACCCCacgt",172,"12,2>32>21","58,11","59,11","36,74","chr17:19091387:+,chr12:120729695:-",0.473684210526316,"....................................|..............gcgugaagc............",".gcuuugcgc.|.............................................................................",-8.47,9,1,"snoRNA:snRNA","U3_snRNA:U4_snRNA"
"I","A:B","1:9","RNU4-2","RN7SL5P","ENSG00000202538.1:ENSG00000265735.1","ENST00000365668.1:ENST00000581458.1","snRNA:srpRNA","U4_snRNA:7SLRNA_srpRNA","snRNA:srpRNA","a7926f99bfd1d43c","ACGACTTGAAATATAGTCGGCATTGGCAATTT_AGGAGGGGTGAACCGGCCCAGATCGGAAAtaaacaattcacaaaacccctccaacaagactagaaaaatagtaggaattggaaatttagaaggggtgaagcggcac",69,"3,6>31[1](10)>19","91,173","91,174","32,29","chr12:120729615:-,chr9:9442233:+",0.434782608695652,".(((((........)))))GC...........|........(((....))).","......((....)).....................|.....................................................................................................gc..",-12.72,2,0,"snRNA:srpRNA","U4_snRNA:7SLRNA_srpRNA"
"I","A:B","24:1","RNU4-2","lnc-AC007952.2-2","lnc-AC007952.2-2:ENSG00000202538.1","lnc-AC007952.2-2.1:ENST00000365668.1","lincRNA:snRNA","U3_snRNA:U4_snRNA","snRNA:snRNA","aa93c60223c1feb0","ctgGAGTGAGAGGGAGAGAACGCGGTCTGAGTGG_GAAAACTTTTCCCAATACCCCGCCATGACGACTAGAAATATAGTCGGCATTGGCAATTATTGACAGTCTCTACGGAGActgtagtg",163,"13,1>17[1](1)>20","185,64","185,64","32,78","chr17:19015764:-,chr12:120729642:-",0.491666666666667,"............(((.....CGCG..........|....)))............................",".................cgcg..............|...........................((((..........)))).................(((((((....))))))).....",-17.68,4,0,"snoRNA:snRNA","U3_snRNA:U4_snRNA"
"I","A:B","1:4","RNU4-2","SNORD42B","ENSG00000238423.1:ENSG00000202538.1","ENST00000458893.1:ENST00000365668.1","snoRNA:snRNA","NA:U4_snRNA","NA:snRNA","ee3db6c9940708c0","ATATGATGGAAAAGTTTTAATCTCCTGACACTTGTGATGTCTTCAAAGGAACCACTGAT_ATTATTGCTAATTGAAAACTTTTCCCAATACCCCGCCAT",148,"1,16>16>17","5,51","NA,51","59,39","chr17:27047573:+,chr12:120729655:-",0.357142857142857,".......GGAAAAGUUUU.........................................|....","...................................|.............AAAACUUUUCC..............",-7.26,11,0,"snoRNA:snRNA","SNORD42B:U4_snRNA"
"I","A:B","17:6","RNU4-2","SNORD3B-2","ENSG00000202538.1:ENSG00000262074.3","ENST00000365668.1:ENST00000571722.2","snRNA:lincRNA","U4_snRNA:U3_snRNA","snRNA:snRNA","ee421a1bb229bcfc","AATACCCCGCCATGACGACTTGAA_AGTGAGAGGGAGAGAACGCGCTCTCAGTGGTTTccaactaacccgccatgacgacttgaaagtgagaggg",60,"2,12>33[1](17)>60","77,187","77,187","25,33","chr12:120729629:-,chr17:18967262:-",0.531914893617021,"........(((....(((((....|...))))).....)))...................",".....................(((.......))).|.....................................................................",-8.01,0,0,"snRNA:snoRNA","U4_snRNA:U3_snRNA"
"I","A:B","24:1","RNU4-2","RNA5SP150","ENSG00000199839.1:ENSG00000202538.1","ENST00000362969.1:ENST00000365668.1","rRNA:snRNA","5S_rRNA:U4_snRNA","rRNA:snRNA","d8e47105b0b9cabd","AACGCGCCCGATCTCGTCTGATCTCGGA_TTTATCCGAGGCGCGATTATTGCTAATTGAAAACTTTTCCCAATACCCAGCCA",107,"16,2>33[1](3)>17","22,36","22,36","28,53","chr3:181540756:-,chr12:120729670:-",0.481481481481481,".....(((((..................|.............)))))cugg.............","...................................|.............................................CCAG...",-5.66,4,0,"rRNA:snRNA","5S_rRNA:U4_snRNA"
"I","A:B","1:4","RNU4-2","SNORA21","ENSG00000199293.1:ENSG00000202538.1","ENST00000362423.1:ENST00000365668.1","snoRNA:snRNA","NA:U4_snRNA","NA:snRNA","3b6c5ccfc405e495","aggGGGAGAGTGAAAACATCGCTTTTGGGTGAAGTGGCAACATGTGTTGTTTGCTTCAATCGGTGGTGTGACAAGG_GAAAACTTTTCCCAATACACCTCCATGACGACTTGATATATAGTCGGCATTGGCAATTTTTGACAGTC",222,"2,3>9>18","59,64","NA,64","74,68","chr17:37009188:-,chr12:120729642:-",0.444444444444444,".........((....)).........GGG...............................................","...................................|.........CCC...............(((((........)))))......................",-9.23,3,0,"snoRNA:snRNA","SNORA21:U4_snRNA"
"I","A:B","17:6","RNU4-2","SNORD3C","ENSG00000202538.1:ENSG00000264940.2","ENST00000365668.1:ENST00000580533.1","snRNA:lincRNA","U4_snRNA:U3_snRNA","snRNA:snRNA","275a1672028ec9ca","AATACCCCGCCATGACGACTTGAA_AGTGAGAGGGAGAGAACGCGGTCTGACTGGTTTccaaataacccgcaatgaagacttgaaagtgagagggagataagaagagcaaacgactgaactccagtcagacttgaatctcgtatg",64,"2,12>33[1](17)>64","77,187","77,187","25,33","chr12:120729629:-,chr17:19093371:-",0.472222222222222,".AUAC...(((....(((((....|...))))).....)))...................","............(((((....(((.......))).|............)))))..((((((((((..................................................................)))))))))).........guau.",-17.67,4,1,"snRNA:snoRNA","U4_snRNA:U3_snRNA"
"I","A:B","24:1","RNU4-2","RNA5SP226","ENSG00000199523.1:ENSG00000202538.1","ENST00000362653.1:ENST00000365668.1","rRNA:snRNA","5S_rRNA:U4_snRNA","rRNA:snRNA","0f43e91112c901e7","AACGCGCCCGATCTCGTCTGATCTCGGA_TTTATCCGAGGCGCGATTATTGCTAATTGAAAACTTTTCCCAATACCCAGCCA",107,"17,2>35[1](3)>17","22,36","23,36","28,53","chr6:165823073:+,chr12:120729670:-",0.481481481481481,"......((((((................|...........)))))).cugg........ug...","...................................|.......................................CA....CCAG...",-5.04,4,0,"rRNA:snRNA","5S_rRNA:U4_snRNA"
"I","A:B","1:4","RNU4-2","SNORD42B","ENSG00000238423.1:ENSG00000202538.1","ENST00000458893.1:ENST00000365668.1","snoRNA:snRNA","NA:U4_snRNA","NA:snRNA","d25d6b1f4ee78a5f","ATATGATGGAAAAGTTTTAATCTCCTGACACTTGTGATGTCTTCAAAGGAACCACTGAT_ATTATTGCTAATTGAAAACTTTTCCCAATACCCCGCCAT",148,"1,15>15>17","5,51","NA,51","59,39","chr17:27047573:+,chr12:120729655:-",0.357142857142857,".......GGAAAAGUUUU.........................................|....","...................................|.............AAAACUUUUCC..............",-7.26,11,0,"snoRNA:snRNA","SNORD42B:U4_snRNA"
"I","A:B","1:7","RNU4-2","SNORD58A","ENSG00000202538.1:ENSG00000206602.1","ENST00000365668.1:ENST00000383875.1","snRNA:snoRNA","U4_snRNA:NA","snRNA:NA","d752e422db796bc2","CATGACGACTTGAAATATAGTCGGCATTGGCAATTT_CTGCAGTGATGACTTTCTTAGGACACC",78,"3,2>17[1](2)>19","87,1","87,NA","36,27","chr12:120729619:-,chr18:47017716:-",0.428571428571429,".....(((((........))))).............|........(((....))).","...((....))................",-12.74,0,0,"snRNA:snoRNA","U4_snRNA:SNORD58A"
"I","A:B","34:1","RNU4-2","SNORD3C","ENSG00000264940.2:ENSG00000202538.1","ENST00000580533.1:ENST00000365668.1","lincRNA:snRNA","U3_snRNA:U4_snRNA","snRNA:snRNA","df7b728e007723b3","CGTGTAGAGCACCGAAAACCACGAGGAAGAGAGGTA_AGTGGCAGTATCGTAGCCAATGAGGTTTATCCGAGGCGCGATTATTGCTAATTGAAAACTTTTCCCAATACCCCacgt",172,"12,2>32>21","58,11","58,11","36,74","chr17:19093500:-,chr12:120729695:-",0.473684210526316,"....................................|...............cgugaagc............",".gcuuugcg..|.............................................................................",-6.82,8,1,"snoRNA:snRNA","U3_snRNA:U4_snRNA"
"I","A:B","50:1","RNU4-2","lnc-GRAP-1","lnc-GRAP-1:ENSG00000202538.1","lnc-GRAP-1.2:ENST00000365668.1","lincRNA:snRNA","U3_snRNA:U4_snRNA","snRNA:snRNA","aac109dbe80b7051","ctgGAGTGAGAGGGAGAGAACGCGGTCTGAGTGG_GAAAACTTTTCCCAATACCCCGCCATGACGACTTGAAATATAGTCGGCATTGGCAATTTTTGACAGTCTCTACGGAGActgtagtg",172,"13,1>17[1](1)>21","185,64","185,64","32,78","chr17:18967264:-,chr12:120729642:-",0.491666666666667,"....................CGCG.UC.......","...............ggcgcg..............|...........................(((((........))))).................(((((((....))))))).....",-17.89,6,0,"snoRNA:snRNA","U3_snRNA:U4_snRNA"
"I","A:B","1:25","RNU4-2","RNU4-25P","ENSG00000265150.1:ENSG00000222501.1","ENST00000490232.2:ENST00000410569.1","srpRNA:snRNA","7SLRNA_srpRNA:U4_snRNA","srpRNA:snRNA","874f3b2fb5232199","GCGCCTGTGAATAGCCACTGCACTCCAGCCTGAGCAACATAGCGAGACCCCGTCT_CTTAGCGCAGTTGCAGTATCGTAGCCAATGAGatcggaagagacacgtctgaactccagtcacacttgaatctcgtatgccgtcttctg",112,"3,4>16[1](4)>26","243,3","243,3","55,32","chr14:50329324:-,chr8:129022854:-",0.534722222222222,".............................CUGAGC....................",".gC|UUAG....................................................................................",-3.53,6,1,"srpRNA:snRNA","7SLRNA_srpRNA:U4_snRNA"
"I","A:B","9:2","RNU4-2","lnc-AC007952.1.1-1","ENSG00000202538.1:ENSG00000265185.2","ENST00000365668.1:ENST00000577988.1","snRNA:lincRNA","U4_snRNA:U3_snRNA","snRNA:snRNA","1eceea81dcac328b","AATACCCCGCCATGACGACTTGAA_AGTGAGAGGGAGAGAACGCGGTCAGACTGCTTaccaacagccccgcaatgaagacttgaaagtgagacgg",53,"2,12>33[1](17)>53","77,187","77,188","25,32","chr12:120729629:-,chr17:18965412:+",0.531914893617021,"........(((....(((((....|...))))).....)))...........guc.....","...(((.............................|.............................................)))...gac...............",-3.8,3,0,"snRNA:snoRNA","U4_snRNA:U3_snRNA"
"I","A:B","1:4","RNU4-2","SNORD42B","ENSG00000238423.1:ENSG00000202538.1","ENST00000458893.1:ENST00000365668.1","snoRNA:snRNA","NA:U4_snRNA","NA:snRNA","e0f675b5d9d8e96e","aaaTGATGGAAAAGTATTAATCTCCTGACACTTGTGATGTCTTCAAAGGAACCACTGAT_ATTATTGCTAATTGAAAACTTTTCCCAATACCCCGCCAT",140,"1,17>17>17","7,51","NA,51","57,39","chr17:27047575:+,chr12:120729655:-",0.357142857142857,".......GGAAAAG.............................................|....","...................................|.................CUUUUCC..............",-5.16,7,0,"snoRNA:snRNA","SNORD42B:U4_snRNA"
"I","A:B","46:1","RNU4-2","lnc-AC007952.1.1-1","lnc-AC007952.1.1-1:ENSG00000202538.1","lnc-AC007952.1.1-1.1:ENST00000365668.1","lincRNA:snRNA","U3_snRNA:U4_snRNA","snRNA:snRNA","daf2f5a8b98e70e2","ctgGAGTGAGAGGGAGAGAACGCGGTCTGAGTGG_GAAGACTTTTCCCAATACCCCGCCATGACGACTTGAAATATAGTCGGCATTGGCAATTTTTGACAGTCTCTACTGAGActgttgtg",163,"13,1>17[1](1)>17","185,64","186,64","32,78","chr17:18965410:+,chr12:120729642:-",0.491666666666667,"............(((.....CGCG..........|....)))............................",".................cgcg..............|...........................(((((........))))).................(((((((....))))))).....",-14.85,4,0,"snoRNA:snRNA","U3_snRNA:U4_snRNA"
"I","A:B","1:2","RNU4-2","RNU4-28P","ENSG00000238423.1:ENSG00000201609.1","ENST00000458893.1:ENST00000364739.1","snoRNA:snRNA","NA:U4_snRNA","NA:snRNA","c5f40e42a7b09744","ATATGATGGAAAAGTTAAAATCTCATCACACTAGAGAACTCTACAAAGGAACCACTGAT_ATTAATGCTAATTGAAAACTTTACCCAATAACCCGCCATagctctcaagagcaaacgtctgaactacagtcacacttgaatctcgtatgccgtctt",92,"1,1>1>17","5,51","NA,52","59,39","chr17:27047573:+,chr1:19837138:+",0.380645161290323,".......................................................UGAU|gc..",".guauca............................|........................................((......)).............................................",-1.5,6,1,"snoRNA:snRNA","SNORD42B:U4_snRNA"
"I","A:B","3:1","RNU4-2","SNORA21","ENSG00000199293.1:ENSG00000202538.1","ENST00000362423.1:ENST00000365668.1","snoRNA:snRNA","NA:U4_snRNA","NA:snRNA","521c4b52c132e672","AAGGGGAGAGTGAAAACATCGCTTTTGGGTGAAGTGGCAACATGTGTTGTTTGCTTCAATCGGTGGTGTGACAAGG_GAAAACTTTTCCCAATACCCCGCCATGACGACTTGAAATATAGTCGGCATTGGCAATTTTTGACAGTCTCTACGGAGAc",260,"2,2>6>30","57,64","NA,64","76,78","chr17:37009190:-,chr12:120729642:-",0.458064516129032,"..GGGG...((....))...........................................................","...................................|................CCCC.......(((((........)))))....................((((....)))).",-17.46,4,0,"snoRNA:snRNA","SNORA21:U4_snRNA"
"I","A:B","1:7","RNU4-2","SNORD58A","ENSG00000202538.1:ENSG00000206602.1","ENST00000365668.1:ENST00000383875.1","snRNA:snoRNA","U4_snRNA:NA","snRNA:NA","ade65992fb121a98","CATGACGACTTGAAATATAGTCGGCATTGGCAATTT_CTGCAGTGATGACTTTCTTAGGACACC",78,"3,2>17[1](2)>19","87,1","87,NA","36,27","chr12:120729619:-,chr18:47017716:-",0.428571428571429,".....(((((........))))).............|........(((....))).","...((....))................",-12.74,0,0,"snRNA:snoRNA","U4_snRNA:SNORD58A"
"I","A:B","3:1","RNU4-2","RNA5SP429","ENSG00000200558.1:ENSG00000202538.1","ENST00000363688.1:ENST00000365668.1","rRNA:snRNA","5S_rRNA:U4_snRNA","rRNA:snRNA","33dfd9d79b3c0eec","TACGGCCATACCACCCTGAACGCGCCCGATCTCGTCTGATCTCGGA_TTATCCGAGGCGCGATTATTGCTAATTGAAAACTTTTCCCAATACCCCGC",144,"16,3>42>20","37,1","3,37","46,50","chr16:68776384:+,chr12:120729669:-",0.520833333333333,"....................CGCGCC....................|...........................","........GGCGCG....................................",-7.73,6,0,"rRNA:snRNA","5S_rRNA:U4_snRNA"
