"Interaction_status","Chimeric_read_structure","Local_alignments_of_chimera","Part1","Part2","Gene_IDs","Transcript_IDs","RNA_catagory","RepeatMasker_annotation","RepeatMasker_annotation catagory","Read_name","Read_Sequence","Alignment_Score","Deprecated_Chimera_uniqueness","Alignment_positions_in_transcripts","RepeatMask_offset_positions","Alignment_lengths","Genome_start_position_of_alignment_segment","1","2","3","4","5","6","7","8"
"I","A:B","2:7","RNU4-2","RNU6-475P","ENSG00000202538.1:ENSG00000251882.1","ENST00000365668.1:ENST00000516073.1","snRNA:snRNA","U4_snRNA:U6_snRNA","snRNA:snRNA","2296a9708df01f82","tgaaaTAGTCGGCATTGGCAATTTTTGACAGTCTCTACGGAGAC_TGCTAAAATTGGAATGATACAGAGAAGATTAGCATggcccc",100,"6,9>32>17","103,23","103,23","39,35","chr12:120729603:-,chr6:115188117:-",0.423529411764706,"..........GGC..................((((....)))).",".......................|...................................gcc..",-7.98,3,0,"snRNA:snRNA","U4_snRNA:U6_snRNA"
"I","A:B","1:40","RNU4-2","RNU6-487P","ENSG00000202538.1:ENSG00000202300.1","ENST00000365668.1:ENST00000365430.1","snRNA:snRNA","U4_snRNA:U6_snRNA","snRNA:snRNA","cde9dc90ea988953","AGTATCGTAGCCAATGAGGTTTATCCGAGGCGCGATTATTGCTAATTGAA_ATACTAAAATTGGAACGATACGGAGA",106,"7,7>37[1](6)>17","17,22","17,21","51,26","chr12:120729689:-,chr1:203288205:-",0.394736842105263,".GUAUCGU..CCAAU...................................|...................................","......((....))........|.......AUUGG.ACGAUAC.....",-12.13,7,3,"snRNA:snRNA","U4_snRNA:U6_snRNA"
"I","A:B","34:1","RNU4-2","SNORD3A","ENSG00000263934.2:ENSG00000202538.1","ENST00000365494.1:ENST00000365668.1","lincRNA:snRNA","U3_snRNA:U4_snRNA","snRNA:snRNA","57719169e66c6a23","CGTGTAGAGCACCGAAAACCACGAGGAAGAGAGGTA_AGTGGCAGTATCGTAGCCAATGAGGTTTATCCGAGGCGCGATTATTGCTAATTGAAAACTTTTCCCAATACCCCacgt",172,"12,2>32>21","58,11","59,11","36,74","chr17:19091387:+,chr12:120729695:-",0.473684210526316,"....................................|..............gcgugaagc............",".gcuuugcgc.|.............................................................................",-8.47,9,1,"snoRNA:snRNA","U3_snRNA:U4_snRNA"
"I","A:B","8:1","RNU4-2","RNU6-378P","ENSG00000207052.1:ENSG00000202538.1","ENST00000384324.1:ENST00000365668.1","snRNA:snRNA","U6_snRNA:U4_snRNA","snRNA:snRNA","bbac1ae449586e37","ACAGAGAAGATTAGCATGGCCCCTGCGCAAGGATGACA_ATCCGAGGCGCGATTATTGCTAATTGAAAACTTTTCCCAATACCCCGCCATGAC",136,"10,2>19>17","41,39","42,39","38,54","chr5:32309809:+,chr12:120729667:-",0.489130434782609,".............(((((....CUGCGCAA......))|)))..........................","uugcgcag...........................|.....................................................",-10.57,8,0,"snRNA:snRNA","U6_snRNA:U4_snRNA"
"I","A:B","4:2","RNU4-2","RNU6-222P","ENSG00000199308.1:ENSG00000202538.1","ENST00000362438.1:ENST00000365668.1","snRNA:snRNA","U6_snRNA:U4_snRNA","snRNA:snRNA","245f9b8a25ae8237","TACAGAGAAGATTAGCATGGCACCTGCGCAAGAATGACACGCAAATTCGTC_TATCCGAGGCGCGATTATTGCTAATTGAAAACTTTTCCCAATACCCC",128,"4,4>6>20","40,38","39,38","50,47","chr19:55380460:-,chr12:120729668:-",0.448979591836735,"....GAGAAGAUUAGCA..................................|..................","...................................|.................UGCUAAU......CUUUUC..........",-5.06,13,2,"snRNA:snRNA","U6_snRNA:U4_snRNA"
"I","A:B","1:5","RNU4-2","RNU6-41P","ENSG00000202538.1:ENSG00000207472.1","ENST00000365668.1:ENST00000384741.1","snRNA:snRNA","U4_snRNA:U6_snRNA","snRNA:snRNA","1f9a2a6d9de52d8b","AATACCCCGCCATGACGACTTGAAATATAGTCGGCATTGGCAATTT_CTAAAATTGGAACGATACAGAGAAGATTAGCATGGCCCCa",122,"1,27>27>17","77,25","77,25","46,39","chr12:120729629:-,chr1:182951428:-",0.430232558139535,".........((....(((((........))))).....))CAAUUU|u.......(((....))).",".((((.((....)))))).......|.AAAAUUG...............................",-19.91,7,1,"snRNA:snRNA","U4_snRNA:U6_snRNA"
"I","A:B","1:5","RNU4-2","RNU6-671P","ENSG00000202538.1:ENSG00000239178.1","ENST00000365668.1:ENST00000458848.1","snRNA:snRNA","U4_snRNA:U6_snRNA","snRNA:snRNA","69aef43983974414","AATACCCCGCCATGACGACTTGAAATATAGTCGGCATTGGCAATTTTTGACAGTC_ATACTAAAATTGGAACGATACAGAGAAGATTAGCATGGCCCC",146,"1,24>25>18","77,22","77,22","55,42","chr12:120729629:-,chr12:45948420:-",0.422680412371134,".........((....(((((........))))).....))CAAUUUU.......(|((....))).","..(((.((....))))).....|....AAAAUUG..............................",-19.45,7,1,"snRNA:snRNA","U4_snRNA:U6_snRNA"
"I","A:B","1:5","RNU4-2","RNU6-1249P","ENSG00000202538.1:ENSG00000200107.1","ENST00000365668.1:ENST00000363237.1","snRNA:snRNA","U4_snRNA:U6_snRNA","snRNA:snRNA","49c35bc5869e01c0","AATACCCCGCCATGACGACTTGAAATATAGTCGGCATTGGCAATTT_CTAAAATTGGAGCGATACAGAGAAGATTAGCATGGCCACa",114,"1,23>23>17","77,25","77,26","46,39","chr12:120729629:-,chr17:53629196:+",0.430232558139535,"........GCCAUG.(((((........))))).............|........(((....))).",".........................|.............................CAUGGC....",-14.55,6,1,"snRNA:snRNA","U4_snRNA:U6_snRNA"
"I","A:B","1:9","RNU4-2","RN7SL5P","ENSG00000202538.1:ENSG00000265735.1","ENST00000365668.1:ENST00000581458.1","snRNA:srpRNA","U4_snRNA:7SLRNA_srpRNA","snRNA:srpRNA","a7926f99bfd1d43c","ACGACTTGAAATATAGTCGGCATTGGCAATTT_AGGAGGGGTGAACCGGCCCAGATCGGAAAtaaacaattcacaaaacccctccaacaagactagaaaaatagtaggaattggaaatttagaaggggtgaagcggcac",69,"3,6>31[1](10)>19","91,173","91,174","32,29","chr12:120729615:-,chr9:9442233:+",0.434782608695652,".(((((........)))))GC...........|........(((....))).","......((....)).....................|.....................................................................................................gc..",-12.72,2,0,"snRNA:srpRNA","U4_snRNA:7SLRNA_srpRNA"
"I","A:B","2:1","RNU4-2","RNU6-40P","ENSG00000202538.1:ENSG00000206981.1","ENST00000365668.1:ENST00000384254.1","snRNA:snRNA","U4_snRNA:U6_snRNA","snRNA:snRNA","ef00a0ff16749116","CATGACGACTTGAAATATAGTAGGCATTGGCAAT_ACTAAAATTGGAACGCTACAGAGAAGATTATCATGtaaccag",82,"4,3>6[1](1)>17","87,24","87,24","34,35","chr12:120729619:-,chr1:31970501:-",0.368421052631579,"..............................CAAU|uuu.......(((....))).",".((((.((....))))))......|..AAAAUUG................................",-15.31,7,1,"snRNA:snRNA","U4_snRNA:U6_snRNA"
"I","A:B","1:5","RNU4-2","RNU6-475P","ENSG00000202538.1:ENSG00000251882.1","ENST00000365668.1:ENST00000516073.1","snRNA:snRNA","U4_snRNA:U6_snRNA","snRNA:snRNA","9e4e632c5c1c192f","tgaaaTAGTCGGCATTGGCAATTTTTGACAGTCTCTACGGAGAC_TGCTAAAATTGGAATGATACAGAGAAGATTAGCATggcccc",100,"6,5>19>17","103,23","103,23","39,35","chr12:120729603:-,chr6:115188117:-",0.423529411764706,"..........GGC..................((((....)))).",".......................|...................................gcc..",-7.98,3,0,"snRNA:snRNA","U4_snRNA:U6_snRNA"
"I","A:B","1:16","RNU4-2","RNU6-358P","ENSG00000202538.1:ENSG00000252373.1","ENST00000365668.1:ENST00000516564.1","snRNA:snRNA","U4_snRNA:U6_snRNA","snRNA:snRNA","516c057d2481572c","CCAATACCCCGCCATGACGACTTGAAATATAGTCGGCATTGGCAATTTTTG_AATTGGAACGATACAGAGAAGATTAGCATGGCCacc",122,"1,31>31>18","75,26","75,17","52,33","chr12:120729631:-,chr5:31820719:-",0.448275862068966,"..........GCCAUG.(((((........)))))................|....(((....))).","..........................|.........................CAUGGC....",-14.55,6,1,"snRNA:snRNA","U4_snRNA:U6_snRNA"
"I","A:B","1:12","RNU4-2","RNU6-462P","ENSG00000202538.1:ENSG00000199529.1","ENST00000365668.1:ENST00000362659.1","snRNA:snRNA","U4_snRNA:U6_snRNA","snRNA:snRNA","debeea8911b7a645","CATGACTACTTGAAATATAGTCGGCATAGGCAATATTTGACAGTCTCTACGGATAC_TGAAAATTGCAACTATACAGAAAAGATTAGAATAGCCCa",103,"1,1>2[1](1)>18","87,23","87,0","55,38","chr12:120729619:-,chr4:102645056:+",0.357894736842105,"............................GGC.........................","..................(((((|....)))))........................GCC..",-9.36,3,0,"snRNA:snRNA","U4_snRNA:U6_snRNA"
"I","A:B","24:1","RNU4-2","ENSG00000262202.2","lnc-AC007952.2-2:ENSG00000202538.1","lnc-AC007952.2-2.1:ENST00000365668.1","lincRNA:snRNA","U3_snRNA:U4_snRNA","snRNA:snRNA","aa93c60223c1feb0","ctgGAGTGAGAGGGAGAGAACGCGGTCTGAGTGG_GAAAACTTTTCCCAATACCCCGCCATGACGACTAGAAATATAGTCGGCATTGGCAATTATTGACAGTCTCTACGGAGActgtagtg",163,"13,1>17[1](1)>20","185,64","185,64","32,78","chr17:19015764:-,chr12:120729642:-",0.491666666666667,"............(((.....CGCG..........|....)))............................",".................cgcg..............|...........................((((..........)))).................(((((((....))))))).....",-17.68,4,0,"snoRNA:snRNA","U3_snRNA:U4_snRNA"
"I","A:B","3:2","RNU4-2","RNU6-222P","ENSG00000199308.1:ENSG00000202538.1","ENST00000362438.1:ENST00000365668.1","snRNA:snRNA","U6_snRNA:U4_snRNA","snRNA:snRNA","6c37e8f343fbaedb","TACAGAGAAGATTAGCATGGCCCCTGCGCAAGAATGACACGCAAATTCGTC_TATCCGAGGCGCGATTATTGCTAATTGAAAACTTTTCCCAATACCCC",132,"4,4>9>18","40,38","39,38","50,47","chr19:55380460:-,chr12:120729668:-",0.459183673469388,"....GAGAAGAUUAGCA..................................|..................","...................................|.................UGCUAAU......CUUUUC..........",-5.06,13,2,"snRNA:snRNA","U6_snRNA:U4_snRNA"
"I","A:B","1:4","RNU4-2","SNORD42B","ENSG00000238423.1:ENSG00000202538.1","ENST00000458893.1:ENST00000365668.1","snoRNA:snRNA","NA:U4_snRNA","NA:snRNA","ee3db6c9940708c0","ATATGATGGAAAAGTTTTAATCTCCTGACACTTGTGATGTCTTCAAAGGAACCACTGAT_ATTATTGCTAATTGAAAACTTTTCCCAATACCCCGCCAT",148,"1,16>16>17","5,51","NA,51","59,39","chr17:27047573:+,chr12:120729655:-",0.357142857142857,".......GGAAAAGUUUU.........................................|....","...................................|.............AAAACUUUUCC..............",-7.26,11,0,"snoRNA:snRNA","SNORD42B:U4_snRNA"
"I","A:B","1:5","RNU4-2","RNU6-761P","ENSG00000202538.1:ENSG00000206875.1","ENST00000365668.1:ENST00000384148.1","snRNA:snRNA","U4_snRNA:U6_snRNA","snRNA:snRNA","d1f7a3c0140e8d13","AATACCCCGCCATGACGACTTGAAATATAGTCGGCATTGGCAATTTTTGACAGTC_ATACTAAAATTGGAACGATACAGAGAAGATTAGCATGGCCCC",146,"1,22>22>18","77,22","77,22","55,42","chr12:120729629:-,chr6:41986230:-",0.422680412371134,"........GCCAUG.(((((........))))).....................(|((....))).","......................|................................CAUGGC...",-14.55,6,1,"snRNA:snRNA","U4_snRNA:U6_snRNA"
"I","A:B","1:5","RNU4-2","RNU6-671P","ENSG00000202538.1:ENSG00000239178.1","ENST00000365668.1:ENST00000458848.1","snRNA:snRNA","U4_snRNA:U6_snRNA","snRNA:snRNA","fe14835fd6f35dd3","CATGACGACTTGAAATATAGTCGGCATTGGCAATTTTTGACAGTCTCTA_ACTAAAATTGGAACGATACAGAGAAGATTAGCATGGCCCC",130,"3,16>24>19","87,24","87,24","49,40","chr12:120729619:-,chr12:45948418:-",0.404494382022472,".....(((((........))))).......CAAUUUU.......(((..|..))).","..(((.((....))))).......|..AAAAUUG..............................",-18.61,7,1,"snRNA:snRNA","U4_snRNA:U6_snRNA"
"I","A:B","1:3","RNU4-2","RNU6-622P","ENSG00000202538.1:ENSG00000206999.1","ENST00000365668.1:ENST00000384272.1","snRNA:snRNA","U4_snRNA:U6_snRNA","snRNA:snRNA","2b484693c0a614a1","GTCGGCATTGGCAATTATTGACAGTCACTACGGAGA_CTTTACTAAAATTGGAATGATACAGAGga",65,"1,1>4[1](3)>17","106,20","106,21","36,27","chr12:120729600:-,chr1:75648750:+",0.4,"....................................","....................|............................",0,0,0,"snRNA:snRNA","U4_snRNA:U6_snRNA"
"I","A:B","1:6","RNU4-2","RNU6-958P","ENSG00000202538.1:ENSG00000252804.1","ENST00000365668.1:ENST00000516995.1","snRNA:snRNA","U4_snRNA:U6_snRNA","snRNA:snRNA","1f82f1a2df0c83c0","CAATACCCCGCCATGACGACTTGAAATATAGTCGGCATTGGCAATT_TACTAAAATTGGAACGATACTGAGA",96,"1,43>44[1](1)>21","76,23","76,24","47,25","chr12:120729630:-,chr2:43635469:+",0.408450704225352,".........(((....(((((........))))).....)))AAUU|uu......(((....))).",".(((..((....)).))).....|...AAAAUU...............",-13.13,6,1,"snRNA:snRNA","U4_snRNA:U6_snRNA"
"I","A:B","1:42","RNU4-2","RNU6-487P","ENSG00000202538.1:ENSG00000202300.1","ENST00000365668.1:ENST00000365430.1","snRNA:snRNA","U4_snRNA:U6_snRNA","snRNA:snRNA","72f4cbca20f57d99","AGTATCGTAGCCAATGAGGTTTATCCGAGGCGCGATTATTGCTAATTGAA_ATACTAAAATTGGAACGATACGGAGA",106,"7,5>30[1](7)>17","17,22","17,21","51,26","chr12:120729689:-,chr1:203288205:-",0.394736842105263,".GUAUCGU..CCAAU...................................|...................................","......((....))........|.......AUUGG.ACGAUAC.....",-12.13,7,3,"snRNA:snRNA","U4_snRNA:U6_snRNA"
"I","A:B","17:6","RNU4-2","SNORD3B-2","ENSG00000202538.1:ENSG00000262074.3","ENST00000365668.1:ENST00000571722.2","snRNA:lincRNA","U4_snRNA:U3_snRNA","snRNA:snRNA","ee421a1bb229bcfc","AATACCCCGCCATGACGACTTGAA_AGTGAGAGGGAGAGAACGCGCTCTCAGTGGTTTccaactaacccgccatgacgacttgaaagtgagaggg",60,"2,12>33[1](17)>60","77,187","77,187","25,33","chr12:120729629:-,chr17:18967262:-",0.531914893617021,"........(((....(((((....|...))))).....)))...................",".....................(((.......))).|.....................................................................",-8.01,0,0,"snRNA:snoRNA","U4_snRNA:U3_snRNA"
"I","A:B","24:1","RNU4-2","RNA5SP150","ENSG00000199839.1:ENSG00000202538.1","ENST00000362969.1:ENST00000365668.1","rRNA:snRNA","5S_rRNA:U4_snRNA","rRNA:snRNA","d8e47105b0b9cabd","AACGCGCCCGATCTCGTCTGATCTCGGA_TTTATCCGAGGCGCGATTATTGCTAATTGAAAACTTTTCCCAATACCCAGCCA",107,"16,2>33[1](3)>17","22,36","22,36","28,53","chr3:181540756:-,chr12:120729670:-",0.481481481481481,".....(((((..................|.............)))))cugg.............","...................................|.............................................CCAG...",-5.66,4,0,"rRNA:snRNA","5S_rRNA:U4_snRNA"
"I","A:B","1:4","RNU4-2","SNORA21","ENSG00000199293.1:ENSG00000202538.1","ENST00000362423.1:ENST00000365668.1","snoRNA:snRNA","NA:U4_snRNA","NA:snRNA","3b6c5ccfc405e495","aggGGGAGAGTGAAAACATCGCTTTTGGGTGAAGTGGCAACATGTGTTGTTTGCTTCAATCGGTGGTGTGACAAGG_GAAAACTTTTCCCAATACACCTCCATGACGACTTGATATATAGTCGGCATTGGCAATTTTTGACAGTC",222,"2,3>9>18","59,64","NA,64","74,68","chr17:37009188:-,chr12:120729642:-",0.444444444444444,".........((....)).........GGG...............................................","...................................|.........CCC...............(((((........)))))......................",-9.23,3,0,"snoRNA:snRNA","SNORA21:U4_snRNA"
"I","A:B","1:3","RNU4-2","RNU6-1024P","ENSG00000202538.1:ENSG00000206926.1","ENST00000365668.1:ENST00000384199.1","snRNA:snRNA","U4_snRNA:U6_snRNA","snRNA:snRNA","c2945bc2f314d7f4","TCCCAATACCCCGCCATGACGACTTGAAATATAGTCGGCATTGGCAATT_TATACTAAAATTGGAATGATACAGAGAAGATTAGCATGGCCCC",138,"1,18>18>17","73,21","73,21","50,43","chr12:120729633:-,chr3:15474702:-",0.423913043478261,"............GCCAUG.(((((........)))))............|........(((....))).",".....................|.................................CAUGGC...",-14.55,6,1,"snRNA:snRNA","U4_snRNA:U6_snRNA"
"I","A:B","1:15","RNU4-2","RNU6-671P","ENSG00000202538.1:ENSG00000239178.1","ENST00000365668.1:ENST00000458848.1","snRNA:snRNA","U4_snRNA:U6_snRNA","snRNA:snRNA","e885278a07f3c00a","CCAATACCCCGCCATGACGACTTGAAATATAGTCGGCATTGGCAATTTTTG_AATTGGAACGATACAGAGAAGATTAGCATGGCCCCc",126,"1,28>28>17","75,29","75,29","52,35","chr12:120729631:-,chr12:45948413:-",0.459770114942529,"..........GCCAUG.(((((........)))))................|....(((....))).","..(((.((....)))))............|.........................CAUGGC....",-21.55,6,1,"snRNA:snRNA","U4_snRNA:U6_snRNA"
"I","A:B","1:2","RNU4-2","RNU6-106P","ENSG00000202538.1:ENSG00000207134.1","ENST00000365668.1:ENST00000384405.1","snRNA:snRNA","U4_snRNA:U6_snRNA","snRNA:snRNA","06a80dde938d5e17","TCCCAATACCCCGCCATGACGACTTGAAATATAGTCGGCATTGGCAATT_TATACTAAAATTGGAATGATACAGAGAAGATTAGCATGGCCCC",138,"1,18>18>21","73,21","73,21","50,43","chr12:120729633:-,chr1:155328588:-",0.423913043478261,".............((....(((((........))))).....))CAAUU|uu......(((....))).",".....................|.....AAAAUUG..............................",-12.25,7,1,"snRNA:snRNA","U4_snRNA:U6_snRNA"
"I","A:B","1:17","RNU4-2","RNU6-553P","ENSG00000202538.1:ENSG00000200917.1","ENST00000365668.1:ENST00000364047.1","snRNA:snRNA","U4_snRNA:U6_snRNA","snRNA:snRNA","245a47d34aceb83c","CATGACGACTTGAAATATAGTCGGCATTGGCAATTTTTGACAGTCTCTACGG_ATACTGAAAATTGGAACGATACAGAGAAGATTAGCATAGCCCC",129,"1,11>11>18","87,11","87,6","53,43","chr12:120729619:-,chr4:106328165:+",0.410526315789474,".....(((((........))))).......CAAUUUU...CAG.........|..","...........|..CUGAAAAUUG..............................",-7.82,10,1,"snRNA:snRNA","U4_snRNA:U6_snRNA"
"I","A:B","1:17","RNU4-2","RNU6-553P","ENSG00000202538.1:ENSG00000200917.1","ENST00000365668.1:ENST00000364047.1","snRNA:snRNA","U4_snRNA:U6_snRNA","snRNA:snRNA","33cec1e040833471","CATGACGACTTGAAATATAGTCGGCATTGGCAATTTTTGACAGTCTCTACGG_ATACTGAAAATTGGAACGATACAGAGAAGATTAGCATAGCCCC",128,"1,10>10>17","87,11","87,6","53,43","chr12:120729619:-,chr4:106328165:+",0.410526315789474,".....(((((........))))).......CAAUUUU...CAG.........|..","...........|..CUGAAAAUUG..............................",-7.82,10,1,"snRNA:snRNA","U4_snRNA:U6_snRNA"
"I","A:B","17:6","RNU4-2","SNORD3C","ENSG00000202538.1:ENSG00000264940.2","ENST00000365668.1:ENST00000580533.1","snRNA:lincRNA","U4_snRNA:U3_snRNA","snRNA:snRNA","275a1672028ec9ca","AATACCCCGCCATGACGACTTGAA_AGTGAGAGGGAGAGAACGCGGTCTGACTGGTTTccaaataacccgcaatgaagacttgaaagtgagagggagataagaagagcaaacgactgaactccagtcagacttgaatctcgtatg",64,"2,12>33[1](17)>64","77,187","77,187","25,33","chr12:120729629:-,chr17:19093371:-",0.472222222222222,".AUAC...(((....(((((....|...))))).....)))...................","............(((((....(((.......))).|............)))))..((((((((((..................................................................)))))))))).........guau.",-17.67,4,1,"snRNA:snoRNA","U4_snRNA:U3_snRNA"
"I","A:B","24:1","RNU4-2","RNA5SP226","ENSG00000199523.1:ENSG00000202538.1","ENST00000362653.1:ENST00000365668.1","rRNA:snRNA","5S_rRNA:U4_snRNA","rRNA:snRNA","0f43e91112c901e7","AACGCGCCCGATCTCGTCTGATCTCGGA_TTTATCCGAGGCGCGATTATTGCTAATTGAAAACTTTTCCCAATACCCAGCCA",107,"17,2>35[1](3)>17","22,36","23,36","28,53","chr6:165823073:+,chr12:120729670:-",0.481481481481481,"......((((((................|...........)))))).cugg........ug...","...................................|.......................................CA....CCAG...",-5.04,4,0,"rRNA:snRNA","5S_rRNA:U4_snRNA"
"I","A:B","1:10","RNU4-2","RNU6-1225P","ENSG00000202538.1:ENSG00000252145.1","ENST00000365668.1:ENST00000516336.1","snRNA:snRNA","U4_snRNA:U6_snRNA","snRNA:snRNA","93826d73fb6d3b3b","TTTCCCAATACACCGCAATGACGACTTGAAAAATAGTCGGCATTGGCAATTT_CTAAAATTGGAACGATACAGAGAAGATTAGCATGGCCCC",117,"1,31>31>20","71,21","71,19","52,39","chr12:120729635:-,chrX:67321953:-",0.417582417582418,"................((((.((((..........)))).))))..CAAUUU|........(((....))).",".....................|..AAAUUG..............................",-11.05,6,1,"snRNA:snRNA","U4_snRNA:U6_snRNA"
"I","A:B","26:8","RNU4-2","RNU6-1201P","ENSG00000202538.1:ENSG00000206954.1","ENST00000365668.1:ENST00000384227.1","snRNA:snRNA","U4_snRNA:U6_snRNA","snRNA:snRNA","c43a6add96e5e716","CATGACGACTTGAAATATAGTCGGCATTGGCAA_TACTAAAATTGGAACGATACAGAGAAGATTAGCATGGCCCCag",102,"3,7>15>18","87,23","87,23","34,41","chr12:120729619:-,chr17:46166123:-",0.421052631578947,".....(((((........))))).......CAA|uuuu.aca..(((....))).","....................ugU|...AAAAUUG................................",-11.29,7,1,"snRNA:snRNA","U4_snRNA:U6_snRNA"
"I","A:B","1:6","RNU4-2","RNU6-958P","ENSG00000202538.1:ENSG00000252804.1","ENST00000365668.1:ENST00000516995.1","snRNA:snRNA","U4_snRNA:U6_snRNA","snRNA:snRNA","a7e6ed6f77e0a040","CAATACCCCGCCATGACGACTTGAAATATAGTCGGCATTGGCAATT_TACTAAAATTGGAACGATACTGAGA",96,"1,43>44[1](1)>21","76,23","76,24","47,25","chr12:120729630:-,chr2:43635469:+",0.408450704225352,".........(((....(((((........))))).....)))AAUU|uu......(((....))).",".(((..((....)).))).....|...AAAAUU...............",-13.13,6,1,"snRNA:snRNA","U4_snRNA:U6_snRNA"
"I","A:B","1:9","RNU4-2","RNU6-1048P","ENSG00000202538.1:ENSG00000200924.1","ENST00000365668.1:ENST00000364054.1","snRNA:snRNA","U4_snRNA:NA","snRNA:NA","190d616ae51a2de7","ATGACGACTTGAAATATAGTCGGCATTGGCAATTTTTGACAGTCTCTACGGAGC_CTGAAATTGGAATGATACAGAGAAGATTAGCATGGCCACT",134,"2,3>4>18","88,25","88,NA","53,40","chr12:120729618:-,chr2:44119854:+",0.414893617021277,"....(((((........)))))....UGGC.............(((....))).|.",".........................|.................................GCCA..",-12.33,4,0,"snRNA:snRNA","U4_snRNA:U6_snRNA"
"I","A:B","1:4","RNU4-2","SNORD42B","ENSG00000238423.1:ENSG00000202538.1","ENST00000458893.1:ENST00000365668.1","snoRNA:snRNA","NA:U4_snRNA","NA:snRNA","d25d6b1f4ee78a5f","ATATGATGGAAAAGTTTTAATCTCCTGACACTTGTGATGTCTTCAAAGGAACCACTGAT_ATTATTGCTAATTGAAAACTTTTCCCAATACCCCGCCAT",148,"1,15>15>17","5,51","NA,51","59,39","chr17:27047573:+,chr12:120729655:-",0.357142857142857,".......GGAAAAGUUUU.........................................|....","...................................|.............AAAACUUUUCC..............",-7.26,11,0,"snoRNA:snRNA","SNORD42B:U4_snRNA"
"I","A:B","1:47","RNU4-2","RNU6-1248P","ENSG00000202538.1:ENSG00000212398.1","ENST00000365668.1:ENST00000391096.1","snRNA:snRNA","U4_snRNA:U6_snRNA","snRNA:snRNA","88602801fccc705f","CAGTGGCAGTATCGTAGCCAATGAGGTTTATCCGAGGCGCGATTATTGCTAATTGAAAACTTTTCCCAATACCCCGCCATGACGACTTGAAATATAGTCGGCAT_TACTAAAATTGAACGATACAGAGAAGATTAGCATGGCCCC",220,"1,1>2[1](1)>25","10,23","10,24","105,40","chr12:120729696:-,chr1:223877776:+",0.4375,".................................................UAAU......CUUUUC..........((((((.(((((........))))).)))|))).............(((....))).",".......................|...................GAGAAGAUUA..........",-16.37,10,2,"snRNA:snRNA","U4_snRNA:U6_snRNA"
"I","A:B","1:15","RNU4-2","RNU6-32P","ENSG00000202538.1:ENSG00000206675.1","ENST00000365668.1:ENST00000383948.1","snRNA:snRNA","U4_snRNA:U6_snRNA","snRNA:snRNA","4791fb0eef2957da","CCAATACCCCGCCATGACGACTTGAAATATAGTCGGCATTGGCAATTTTTG_AATTGGAACGATACAGAGAAGATTAGCATGGCCCCc",126,"1,32>32>17","75,29","75,29","52,35","chr12:120729631:-,chr4:39299302:-",0.459770114942529,"..........GCCAUG.(((((........)))))................|....(((....))).","..(((.((....)))))............|.........................CAUGGC....",-21.55,6,1,"snRNA:snRNA","U4_snRNA:U6_snRNA"
"I","A:B","1:7","RNU4-2","SNORD58A","ENSG00000202538.1:ENSG00000206602.1","ENST00000365668.1:ENST00000383875.1","snRNA:snoRNA","U4_snRNA:NA","snRNA:NA","d752e422db796bc2","CATGACGACTTGAAATATAGTCGGCATTGGCAATTT_CTGCAGTGATGACTTTCTTAGGACACC",78,"3,2>17[1](2)>19","87,1","87,NA","36,27","chr12:120729619:-,chr18:47017716:-",0.428571428571429,".....(((((........))))).............|........(((....))).","...((....))................",-12.74,0,0,"snRNA:snoRNA","U4_snRNA:SNORD58A"
"I","A:B","16:10","RNU4-2","RNU6-847P","ENSG00000202538.1:ENSG00000223047.1","ENST00000365668.1:ENST00000411115.1","snRNA:snRNA","U4_snRNA:U6_snRNA","snRNA:snRNA","159761c10c285dca","CGGCAATGGCAATTTTTGACAGTCTCTACGGAG_ACAGACTAAAATTGGAAAGATACAGAGAAGATTAGCATGGCCcc",86,"14,7>29[1](10)>17","108,20","108,21","34,42","chr12:120729598:-,chr10:35215723:+",0.441558441558442,".GGC.AUG................((....)).","....................|..................................CAU.GCC..",-6.44,3,1,"snRNA:snRNA","U4_snRNA:U6_snRNA"
"I","A:B","1:2","RNU4-2","RNU6-585P","ENSG00000251928.1:ENSG00000202538.1","ENST00000516119.1:ENST00000365668.1","snRNA:snRNA","U6_snRNA:U4_snRNA","snRNA:snRNA","b89ba983e763c61a","gaGAAGATAAGCATGGCCCCTGCGCAAGGATGACACGCAAATTAGTGAAGAGTTCCA_TTATCCGAGGCGCGATTATTGCTAATTGAAAACTTTTCACAATACACCGCCATG",150,"8,2>12>17","6,37","1,37","57,54","chr11:16996029:-,chr12:120729669:-",0.45045045045045,"...........CAUGGC........................................|......","...................................|...............................................GCCAUG",-4.2,6,1,"snRNA:snRNA","U6_snRNA:U4_snRNA"
"I","A:B","1:10","RNU4-2","RNU6-671P","ENSG00000202538.1:ENSG00000239178.1","ENST00000365668.1:ENST00000458848.1","snRNA:snRNA","U4_snRNA:U6_snRNA","snRNA:snRNA","7cc22319d518c1e0","CAATACCCCGCCATGACGACTTGAAATATAGTCGGCATTGGCAATTTTTG_TTGGAACGATACAGAGAAGATTAGCATGGCCCCTG",122,"1,36>36>17","76,31","76,31","50,35","chr12:120729630:-,chr12:45948411:-",0.458823529411765,"..........((....(((((........))))).....))CAAUUUU..|.....(((....))).",".((((.((....))))))........aaaaU|UG................................",-19.91,7,1,"snRNA:snRNA","U4_snRNA:U6_snRNA"
"I","A:B","1:3","RNU4-2","RNU6-20P","ENSG00000202538.1:ENSG00000206833.1","ENST00000365668.1:ENST00000384106.1","snRNA:snRNA","U4_snRNA:U6_snRNA","snRNA:snRNA","8184d207bed6c48e","CATGACGACTTGAAATATAGTCGGCATTGGCAATTTTTGACAGTCTCTA_ACTAAAATTGGAACGATACAGAGAAGATTAGCATGGCCCC",130,"1,9>9>18","87,24","87,24","49,40","chr12:120729619:-,chr16:57864522:-",0.404494382022472,".....(((((........))))).......CAAUUUU.......(((..|..))).","........................|..AAAAUUG..............................",-11.61,7,1,"snRNA:snRNA","U4_snRNA:U6_snRNA"
"I","A:B","1:45","RNU4-2","RNU6-180P","ENSG00000202538.1:ENSG00000252506.1","ENST00000365668.1:ENST00000516697.1","snRNA:snRNA","U4_snRNA:U6_snRNA","snRNA:snRNA","0f986bea565fa1cb","GTAGCCATGAGGTTTATCCGAGGCGCGATTATTGCTAATTGAAAACTTTTCCCAATACCCCGCCATGACGACTTGAAATATAGTCGGCATTGGCAATTTT_AATTGGAACTATACAGAGAAGATTAGCATGgacactgagaat",204,"1,5>6[1](1)>23","23,29","23,30","100,30","chr12:120729683:-,chr1:229518904:+",0.408450704225352,"..................................CUAAU......CUUUUC.................(((((........)))))..............|........(((....))).",".............................|..............GAGAAGAUUAG................",-12.2,11,2,"snRNA:snRNA","U4_snRNA:U6_snRNA"
"I","A:B","1:19","RNU4-2","RNU6-493P","ENSG00000202538.1:ENSG00000212623.1","ENST00000365668.1:ENST00000391321.1","snRNA:snRNA","U4_snRNA:U6_snRNA","snRNA:snRNA","1e62f852f1a4e2d2","tgaaaTAGTCGGCATTGGCAATTTTTGACAGTCTCTACGGAGAC_TGCTAAATTGGAATGATACAGAGAAGATTAGCATGGCccc",90,"7,2>11[1](1)>18","103,25","103,-3","39,37","chr12:120729603:-,chrX:80156281:+",0.428571428571429,"................GGCAAUUUUUGACA.((((....)))).",".....uguugaaaau.ugcu.....|.......................................",-11.51,14,2,"snRNA:snRNA","U4_snRNA:U6_snRNA"
"I","A:B","1:42","RNU4-2","RNU6-380P","ENSG00000202538.1:ENSG00000222139.1","ENST00000365668.1:ENST00000410207.1","snRNA:snRNA","U4_snRNA:U6_snRNA","snRNA:snRNA","262514c2b78c33f6","GCGCGATTATTGCTAATTGAAAACTTTTCCCAATACCCCGCCAAGACGACTTGAAATATAGTCGGCATTGGCAATTTTTGACAGTCTCTAC_AAATTGGAACGATACAGAGAAGATTAGCATGGAACCTGCgaaagagatcgg",197,"1,5>5>19","46,28","46,29","91,39","chr12:120729660:-,chr15:80956141:+",0.422535211267606,"............CUAAU......CUUUUC.................(((((........))))).....................(((...|.))).","............................|...............GAGAAGAUUAG........................",-12.2,11,2,"snRNA:snRNA","U4_snRNA:U6_snRNA"
"I","A:B","1:24","RNU4-2","RNU6-475P","ENSG00000202538.1:ENSG00000251882.1","ENST00000365668.1:ENST00000516073.1","snRNA:snRNA","U4_snRNA:U6_snRNA","snRNA:snRNA","07c871f2079e929a","CGACTTGAAATATAGTCGGCATTGGCAATTTTTGACAGTCTCTACGGAGAC_TGCTAAAATTGGAATGATACAGAGAAGATTAGCATggcccc",122,"3,2>6>20","92,23","92,23","50,35","chr12:120729614:-,chr6:115188117:-",0.423913043478261,".(((..........)))GGC..................((((....)))).",".......................|...................................gcc..",-8.93,3,0,"snRNA:snRNA","U4_snRNA:U6_snRNA"
"I","A:B","1:2","RNU4-2","RNU6-737P","ENSG00000202538.1:ENSG00000202240.1","ENST00000365668.1:ENST00000365370.1","snRNA:snRNA","U4_snRNA:U6_snRNA","snRNA:snRNA","92d79c5b4d98f265","AATACACCGCCATGACGACTTGAAATATAGTCGGCATTGGCAATTTTTGACAGT_CATACTAAAATTGGAACGATACAGAGAAGATTAGCATGGCCCC",143,"1,20>20>19","77,21","77,20","55,43","chr12:120729629:-,chr18:54951918:-",0.412371134020619,"........GCCAUG.(((((........))))).....................|..........","..(((((.....)))))....|.................................CAUGGC...",-15.28,6,1,"snRNA:snRNA","U4_snRNA:U6_snRNA"
"I","A:B","34:1","RNU4-2","SNORD3C","ENSG00000264940.2:ENSG00000202538.1","ENST00000580533.1:ENST00000365668.1","lincRNA:snRNA","U3_snRNA:U4_snRNA","snRNA:snRNA","df7b728e007723b3","CGTGTAGAGCACCGAAAACCACGAGGAAGAGAGGTA_AGTGGCAGTATCGTAGCCAATGAGGTTTATCCGAGGCGCGATTATTGCTAATTGAAAACTTTTCCCAATACCCCacgt",172,"12,2>32>21","58,11","58,11","36,74","chr17:19093500:-,chr12:120729695:-",0.473684210526316,"....................................|...............cgugaagc............",".gcuuugcg..|.............................................................................",-6.82,8,1,"snoRNA:snRNA","U3_snRNA:U4_snRNA"
"I","A:B","1:15","RNU4-2","RNU6-658P","ENSG00000202538.1:ENSG00000207336.1","ENST00000365668.1:ENST00000384606.1","snRNA:snRNA","U4_snRNA:U6_snRNA","snRNA:snRNA","539c5292185d00a0","CAATACCCCGCCATGACGACTTGAAATATAGTCGGCATTGGCAATTT_TAAAATTGGAACGATACAGAGAAGATTAGCATGGCCC",122,"1,34>35>21","76,26","76,26","48,37","chr12:120729630:-,chr5:74021003:-",0.428571428571429,".........GCCAUG.(((((........))))).............|.......(((....))).","..........................|............................CAUGGC..",-14.55,6,1,"snRNA:snRNA","U4_snRNA:U6_snRNA"
"I","A:B","1:9","RNU4-2","RNU6-475P","ENSG00000202538.1:ENSG00000251882.1","ENST00000365668.1:ENST00000516073.1","snRNA:snRNA","U4_snRNA:U6_snRNA","snRNA:snRNA","5ef8a1b36047e39f","tgaaaTAGTCGGCATTGGCAATTTTTGACAGTCTCTACGGAGAC_TGCTAAAATTGGAATGATACAGAGAAGATTAGCATGGCCCC",100,"6,8>32>17","103,23","103,23","39,41","chr12:120729603:-,chr6:115188117:-",0.423529411764706,"..........GGC..................((((....)))).",".......................|...................................GCC..",-7.98,3,0,"snRNA:snRNA","U4_snRNA:U6_snRNA"
"I","A:B","1:28","RNU4-2","RNU6-31P","ENSG00000202538.1:ENSG00000207116.1","ENST00000365668.1:ENST00000384388.1","snRNA:snRNA","U4_snRNA:U6_snRNA","snRNA:snRNA","07f225f83736f505","AATACCCCGCCATGACGACTTGAAATATAGTAGGCATTGGCAATTTTTGACAGTATCAACGGAG_ACTGAAAATTGGAACGATACAGAGAAGATTAGCATGGCCCC",136,"1,2>2>20","77,24","77,25","65,41","chr12:120729629:-,chr2:201694756:+",0.428571428571429,"........GCCAUG..................................................","........................|...............................CAUGGC...",-5.6,6,1,"snRNA:snRNA","U4_snRNA:U6_snRNA"
"I","A:B","30:15","RNU4-2","RNU6-45P","ENSG00000202538.1:ENSG00000207200.1","ENST00000365668.1:ENST00000384471.1","snRNA:snRNA","U4_snRNA:U6_snRNA","snRNA:snRNA","6c9a385a58c1f5b2","CATGACGACTTGAAATATAGTCGGCATTGGCAA_TACTAAAATTGGAACGATACAGAGAAGATTAGCATGGCCCcag",100,"4,9>28[1](9)>17","87,23","87,24","34,40","chr12:120729619:-,chr11:63737965:+",0.421052631578947,".....(((((........))))).......CAA|uuuu.aca..(((....))).","....................ugU|...AAAAUUG................................",-11.29,7,1,"snRNA:snRNA","U4_snRNA:U6_snRNA"
"I","A:B","1:18","RNU4-2","RNU6-45P","ENSG00000202538.1:ENSG00000207200.1","ENST00000365668.1:ENST00000384471.1","snRNA:snRNA","U4_snRNA:U6_snRNA","snRNA:snRNA","b7d77f1004c491d4","AATACCCCGCCATGACGACTTGAAATATAGTCGGCATTGGCAATTT_CTAAAATTGGAACGATACAGAGAAGATTAGCATGGCCaca",118,"1,32>32>20","77,25","77,26","46,37","chr12:120729629:-,chr11:63737967:+",0.418604651162791,".........((....(((((........))))).....))CAAUUU|u..aca..(((....))).","....................ugu..|.AAAAUUG...............................",-13.08,7,1,"snRNA:snRNA","U4_snRNA:U6_snRNA"
"I","A:B","1:16","RNU4-2","RNU6-253P","ENSG00000202538.1:ENSG00000207461.1","ENST00000365668.1:ENST00000384730.1","snRNA:snRNA","U4_snRNA:U6_snRNA","snRNA:snRNA","a899116297950713","CGACTTGAAATATAGTCGGCATTGGCAATTTTTGACAGTCTCTACGGAGAC_TGCTAAAATTGGAATGATACAGAGAAGATTAGCATGGCCCc",126,"2,1>2>18","92,22","92,26","50,40","chr12:120729614:-,chr6:117778979:-",0.423913043478261,".(((..........))).GCAUUG..............((((....)))).","............cagugc....|........................................",-11.35,6,1,"snRNA:snRNA","U4_snRNA:U6_snRNA"
"I","A:B","50:1","RNU4-2","ENSG00000262074.3","lnc-GRAP-1:ENSG00000202538.1","lnc-GRAP-1.2:ENST00000365668.1","lincRNA:snRNA","U3_snRNA:U4_snRNA","snRNA:snRNA","aac109dbe80b7051","ctgGAGTGAGAGGGAGAGAACGCGGTCTGAGTGG_GAAAACTTTTCCCAATACCCCGCCATGACGACTTGAAATATAGTCGGCATTGGCAATTTTTGACAGTCTCTACGGAGActgtagtg",172,"13,1>17[1](1)>21","185,64","185,64","32,78","chr17:18967264:-,chr12:120729642:-",0.491666666666667,"....................CGCG.UC.......","...............ggcgcg..............|...........................(((((........))))).................(((((((....))))))).....",-17.89,6,0,"snoRNA:snRNA","U3_snRNA:U4_snRNA"
"I","A:B","1:10","RNU4-2","RNU6-1266P","ENSG00000202538.1:ENSG00000199664.1","ENST00000365668.1:ENST00000362794.1","snRNA:snRNA","U4_snRNA:U6_snRNA","snRNA:snRNA","efaf09e075ef9bce","CAATACCCCGCCATGACGACTTGAAATATAGTCGGCATTGGCAATT_AATTGGAACGATACAGAGAAGATTAGCATGGCCCC",114,"1,37>37>18","76,29","76,29","46,35","chr12:120729630:-,chr10:79536784:-",0.45679012345679,".........GCCAUG.(((((........)))))............|.........(((....))).",".............................|.........................CAUGGC...",-14.55,6,1,"snRNA:snRNA","U4_snRNA:U6_snRNA"
"I","A:B","7:2","RNU4-2","RNU6-31P","ENSG00000207116.1:ENSG00000202538.1","ENST00000384388.1:ENST00000365668.1","snRNA:snRNA","U6_snRNA:U4_snRNA","snRNA:snRNA","578ee5f02a4fcf52","AGAAGATTATCATGGCCACTGCGCAAGCATGACACCCAAA_TATCAGAGGCGCGATTATTGCTAATTGAAAACTATTCCCAAAAAAACGCC",86,"4,14>24[1](2)>18","46,38","47,38","41,50","chr2:201694778:+,chr12:120729668:-",0.422222222222222,"................CACUG...................|......................","......cagug(((((.((...(((...((.....|.))...)))..))..))))).............................",-9.03,5,0,"snRNA:snRNA","U6_snRNA:U4_snRNA"
"I","A:B","1:2","RNU4-2","RNU6-737P","ENSG00000202538.1:ENSG00000202240.1","ENST00000365668.1:ENST00000365370.1","snRNA:snRNA","U4_snRNA:U6_snRNA","snRNA:snRNA","2cae668276c87996","AATACCCCGCCATGACGACTTGAAATATAGTCGGCATTGGCAATTTTTGACAGT_CATACTAAAATTGGAACGATACAGAGAAGATTAGCATGGCCCC",148,"1,23>23>20","77,21","77,20","55,43","chr12:120729629:-,chr18:54951918:-",0.422680412371134,"........GCCAUG.(((((........))))).....................|..........","..(((((.....)))))....|.................................CAUGGC...",-15.28,6,1,"snRNA:snRNA","U4_snRNA:U6_snRNA"
"I","A:B","2:1","RNU4-2","RNU6-166P","ENSG00000207099.1:ENSG00000202538.1","ENST00000384371.1:ENST00000365668.1","snRNA:snRNA","U6_snRNA:U4_snRNA","snRNA:snRNA","d9195b939558717a","ACGATACAGAGAAGGTTAGCATGGCCAATGCGCAAGGATGACA_TTATCCGAGGCGCGATTAATGCTAATTGAAAACTTATCACAATAGCCagac",106,"7,2>13>18","36,37","37,37","44,47","chr12:65489565:+,chr12:120729669:-",0.436170212765957,"..............GUUAGCAU.....................|............................","...................................|.................AUGCUAAU.........................",-4.36,8,3,"snRNA:snRNA","U6_snRNA:U4_snRNA"
"I","A:B","1:4","RNU4-2","RNU6-453P","ENSG00000202538.1:ENSG00000252628.1","ENST00000365668.1:ENST00000516819.1","snRNA:snRNA","U4_snRNA:U6_snRNA","snRNA:snRNA","ed4a6e98dff947f9","acAATACCACGCCATGACGACTTGAAAAATAGTCGGCATTGGCAATTTATG_AATAGGAACGAAACAGATAAGATTAGCATGGCCACa",89,"1,1>2[1](1)>23","76,30","76,13","51,35","chr12:120729630:-,chr17:42384486:+",0.402298850574713,"..........GCCAUG.((((..........))))................|....(((....))).","..............................|.........................CAUGGC....",-13.37,6,1,"snRNA:snRNA","U4_snRNA:U6_snRNA"
"I","A:B","1:19","RNU4-2","RNU6-727P","ENSG00000202538.1:ENSG00000200462.1","ENST00000365668.1:ENST00000363592.1","snRNA:snRNA","U4_snRNA:U6_snRNA","snRNA:snRNA","711daea46806f0a2","TTATTGCTAATTGAAAACTTTTCCCAATACCCCGCCATGACGACTTGAAATA_AAATTGGAACGATACAGAGAAGATTAGCATGGCCCCT",130,"4,2>6>19","52,28","52,28","52,37","chr12:120729654:-,chr5:86716236:-",0.393258426966292,"....UGCUAAU......CUUUUC.................(((((.......|.))))).............................","............................|...............GAGAAGAUUAGCA........",-8.82,13,2,"snRNA:snRNA","U4_snRNA:U6_snRNA"
"I","A:B","1:21","RNU4-2","RNU6-208P","ENSG00000202538.1:ENSG00000199301.1","ENST00000365668.1:ENST00000362431.1","snRNA:snRNA","U4_snRNA:U6_snRNA","snRNA:snRNA","e6d963db4463059a","AGTATCGTAGCCAATGAGGTTTATCCGAGGCGCGATTATTGCTAATTGAAAA_TACTAAAATTGGAACGATACAGAGAAGATTAGCATGGACCC",131,"9,3>15>18","17,23","17,24","52,41","chr12:120729689:-,chr16:71700017:+",0.397849462365591,".GUAUCG.............................................|...................................",".......................|.............CGAUAC.....................",-3.87,6,2,"snRNA:snRNA","U4_snRNA:U6_snRNA"
"I","A:B","32:8","RNU4-2","RNU6-1201P","ENSG00000202538.1:ENSG00000206954.1","ENST00000365668.1:ENST00000384227.1","snRNA:snRNA","U4_snRNA:U6_snRNA","snRNA:snRNA","546da4dc53d1c90f","CATGACGACTTGAAATATAGTCGGCATTGGCAA_TACTAAAATTGGAACGATACAGAGAAGATTAGCATGGCCCCag",102,"3,10>17>18","87,23","87,23","34,41","chr12:120729619:-,chr17:46166123:-",0.421052631578947,".....(((((........))))).......CAA|uuuu.aca..(((....))).","....................ugU|...AAAAUUG................................",-11.29,7,1,"snRNA:snRNA","U4_snRNA:U6_snRNA"
"I","A:B","1:28","RNU4-2","RNU6-649P","ENSG00000202538.1:ENSG00000207192.1","ENST00000365668.1:ENST00000384463.1","snRNA:snRNA","U4_snRNA:U6_snRNA","snRNA:snRNA","c9eb57ebb18bd686","CGACTTGAAATATAGTCGGCATTGGCAATTTTTGACAGTCTCTACGGAGAC_TGCTAAAATTGGAATGATACAGAGAAGATTAGCATGGCCCC",120,"3,6>22>17","92,23","92,24","50,41","chr12:120729614:-,chr2:4992890:+",0.423913043478261,".(((..........)))GGC..................((((....)))).",".......................|...................................GCC..",-8.93,3,0,"snRNA:snRNA","U4_snRNA:U6_snRNA"
"I","A:B","1:5","RNU4-2","RNU6-737P","ENSG00000202538.1:ENSG00000202240.1","ENST00000365668.1:ENST00000365370.1","snRNA:snRNA","U4_snRNA:U6_snRNA","snRNA:snRNA","1b896a16a6164d1b","TATTGCTAATTGAAAACTTTTCCCAATACCCCGCCATGACGACTTG_ATACTAAAATTGGAACGATACAGAGAAGATTAGCATGGCCCCT",132,"4,12>30>18","53,22","53,21","47,43","chr12:120729653:-,chr18:54951917:-",0.404494382022472,"...UGCUAAU......CUUUUC.................((((...|......)))).........................","..(((((.....))))).....|.....................GAGAAGAUUAGCA........",-13.67,13,2,"snRNA:snRNA","U4_snRNA:U6_snRNA"
"I","A:B","8:1","RNU4-2","RNU6-47P","ENSG00000206593.1:ENSG00000202538.1","ENST00000383866.1:ENST00000365668.1","snRNA:snRNA","U6_snRNA:U4_snRNA","snRNA:snRNA","77b6294a2d11614f","GAAGATTAGCATGGCCCCTGCGCAAGGATGACACGCA_TTATCCGAGGCGCGATTATTGCTAATTGAAAACTTTTCCCAATACCCCGCC",128,"16,3>39>17","46,37","46,37","37,51","chr5:108350595:-,chr12:120729669:-",0.5,".................CUGCGCAA............|.........................","..uugcgcag.........................|..................................................",-6.99,8,0,"snRNA:snRNA","U6_snRNA:U4_snRNA"
"I","A:B","9:2","RNU4-2","SNORD3B-1","ENSG00000202538.1:ENSG00000265185.2","ENST00000365668.1:ENST00000577988.1","snRNA:lincRNA","U4_snRNA:U3_snRNA","snRNA:snRNA","1eceea81dcac328b","AATACCCCGCCATGACGACTTGAA_AGTGAGAGGGAGAGAACGCGGTCAGACTGCTTaccaacagccccgcaatgaagacttgaaagtgagacgg",53,"2,12>33[1](17)>53","77,187","77,188","25,32","chr12:120729629:-,chr17:18965412:+",0.531914893617021,"........(((....(((((....|...))))).....)))...........guc.....","...(((.............................|.............................................)))...gac...............",-3.8,3,0,"snRNA:snoRNA","U4_snRNA:U3_snRNA"
"I","A:B","1:4","RNU4-2","SNORD42B","ENSG00000238423.1:ENSG00000202538.1","ENST00000458893.1:ENST00000365668.1","snoRNA:snRNA","NA:U4_snRNA","NA:snRNA","e0f675b5d9d8e96e","aaaTGATGGAAAAGTATTAATCTCCTGACACTTGTGATGTCTTCAAAGGAACCACTGAT_ATTATTGCTAATTGAAAACTTTTCCCAATACCCCGCCAT",140,"1,17>17>17","7,51","NA,51","57,39","chr17:27047575:+,chr12:120729655:-",0.357142857142857,".......GGAAAAG.............................................|....","...................................|.................CUUUUCC..............",-5.16,7,0,"snoRNA:snRNA","SNORD42B:U4_snRNA"
"I","A:B","1:32","RNU4-2","RNU6-154P","ENSG00000202538.1:ENSG00000207033.1","ENST00000365668.1:ENST00000384306.1","snRNA:snRNA","U4_snRNA:U6_snRNA","snRNA:snRNA","214f30ced21cc140","TTATTGCTAATTGAAAACTTTTCCCAATACCCCGCCATGACGACTTGAAATA_AAATTGGAACGATACAGAGAAGATTAGCATGGCCCCTagatcgaagagcacacgtctgaactccagtcacacttgaatctcgtatgccgtct",123,"4,2>6>19","52,28","52,28","52,37","chr12:120729654:-,chrX:115532085:-",0.430555555555556,"....UGCUAAU......CUUUUC.................(((((.......|.))))).............................","............................|...............GAGAAGAUUAGCA...............................................................",-8.82,13,2,"snRNA:snRNA","U4_snRNA:U6_snRNA"
"I","A:B","1:43","RNU4-2","RNU6-1182P","ENSG00000202538.1:ENSG00000252703.1","ENST00000365668.1:ENST00000516894.1","snRNA:snRNA","U4_snRNA:U6_snRNA","snRNA:snRNA","0e944b88d6a6a5eb","GCGCGATTATTGCTAATTGAAAACTTTTCCCAATACCCCGCCATGACGACTTGAAATATAGTCGGCATTGGCAATTTTTGACAGTCTCTAC_AAATTGGAACGATACAGAGAAGATTAGCATGGCCCCTGCGCaag",210,"1,2>2>21","46,17","46,3","91,41","chr12:120729660:-,chr11:132395720:+",0.437037037037037,"............CUAAU......CUUUUC..................(((..........)))......................(((...|.))).",".................|...............GAGAAGAUUAG.................",-9.39,11,2,"snRNA:snRNA","U4_snRNA:U6_snRNA"
"I","A:B","46:1","RNU4-2","ENSG00000265185.1","lnc-AC007952.1.1-1:ENSG00000202538.1","lnc-AC007952.1.1-1.1:ENST00000365668.1","lincRNA:snRNA","U3_snRNA:U4_snRNA","snRNA:snRNA","daf2f5a8b98e70e2","ctgGAGTGAGAGGGAGAGAACGCGGTCTGAGTGG_GAAGACTTTTCCCAATACCCCGCCATGACGACTTGAAATATAGTCGGCATTGGCAATTTTTGACAGTCTCTACTGAGActgttgtg",163,"13,1>17[1](1)>17","185,64","186,64","32,78","chr17:18965410:+,chr12:120729642:-",0.491666666666667,"............(((.....CGCG..........|....)))............................",".................cgcg..............|...........................(((((........))))).................(((((((....))))))).....",-14.85,4,0,"snoRNA:snRNA","U3_snRNA:U4_snRNA"
"I","A:B","3:1","RNU4-2","RNU6-727P","ENSG00000202538.1:ENSG00000200462.1","ENST00000365668.1:ENST00000363592.1","snRNA:snRNA","U4_snRNA:U6_snRNA","snRNA:snRNA","830c0609509c1ba2","GTCGGCATTGGCAATTTTTGAAAGTCTCTACGGAG_ACTGAAATTGGAACGATACAGAAAAGATAAGCATGGCACCTGCGCAAGGAAGACACTCAAGATCTGAAGctcacacgtctgaacacctgtaaaacttgaatcaagaaagccgtctactgg",101,"2,2>3>19","106,24","106,24","36,69","chr12:120729600:-,chr5:86716240:-",0.445161290322581,"..CGGC....................((....)).","........................|...........................................................................................................gccg........",-6.59,4,0,"snRNA:snRNA","U4_snRNA:U6_snRNA"
"I","A:B","4:1","RNU4-2","RNU6-47P","ENSG00000206593.1:ENSG00000202538.1","ENST00000383866.1:ENST00000365668.1","snRNA:snRNA","U6_snRNA:U4_snRNA","snRNA:snRNA","3ffeb9e2a58d5853","tgATACAGAGAAGATTAGCATGGCCCCTGCGCAAGGATGACACGCAA_TTATCCGAGGCGCGATTATTGCTAATTGAAAACTTTTCCCAATACCCCGCCAa",141,"7,3>14>18","38,37","38,37","46,52","chr5:108350603:-,chr12:120729669:-",0.47,".......GAGAAGAUUAG.............................|........................","...................................|....................CUAAU......CUUUUC...............",-3.25,11,2,"snRNA:snRNA","U6_snRNA:U4_snRNA"
"I","A:B","1:48","RNU4-2","RNU6-580P","ENSG00000202538.1:ENSG00000202029.1","ENST00000365668.1:ENST00000365159.1","snRNA:snRNA","U4_snRNA:U6_snRNA","snRNA:snRNA","caf33ce2700a00e3","CAGTGGCAGTATCGTAGCCAATGAGGTTTATCCGAGGCGCGATTATTGCTAATTGAAAACTTTTCCCAATACCCCGCCATGACGACTTGAAATATAGTCGGCAT_TACTAAAATTGAACGATACAGAGAAGATTAGCATGGCCCC",214,"1,1>2[1](1)>25","10,23","10,21","105,40","chr12:120729696:-,chr2:159883631:-",0.4375,".................................................UAAU......CUUUUC..........((((((.(((((........))))).)))|))).............(((....))).",".......................|...................GAGAAGAUUA..........",-16.37,10,2,"snRNA:snRNA","U4_snRNA:U6_snRNA"
"I","A:B","1:2","RNU4-2","RNU6-60P","ENSG00000202538.1:ENSG00000201662.1","ENST00000365668.1:ENST00000364792.1","snRNA:snRNA","U4_snRNA:U6_snRNA","snRNA:snRNA","29e86bfc29349f4c","gaTACCCCGCCATGACGACTTGAAATATAGTCGGGATTGGCAATTTTTGACAGTC_ATACTAAAATTGGAACGATGCAGAGAAGATTAGCATGGCCCC",139,"1,13>13>17","78,18","78,23","54,42","chr12:120729628:-,chr13:49562069:+",0.443298969072165,".........((....(((((........))))).....))CAAUUUU.......(|((....))).","..................|....AAAAUUG......(((...........))).......",-13.48,7,1,"snRNA:snRNA","U4_snRNA:U6_snRNA"
"I","A:B","1:2","RNU4-2","RNU6-1266P","ENSG00000202538.1:ENSG00000199664.1","ENST00000365668.1:ENST00000362794.1","snRNA:snRNA","U4_snRNA:U6_snRNA","snRNA:snRNA","a1199d9b0c184e73","AATACCCCGCCATGACGACTTGAAATATAGTCGGCATTGGCAATA_TCTAAAATTGGAACGATACAGAGAAGATTAGCATGGCCCCa",120,"1,29>29>18","77,24","77,24","46,40","chr12:120729629:-,chr10:79536789:-",0.430232558139535,"........GCCAUG.(((((........)))))............|........(((....))).","........................|..............................CAUGGC....",-14.55,6,1,"snRNA:snRNA","U4_snRNA:U6_snRNA"
"I","A:B","9:20","RNU4-2","RNU6-169P","ENSG00000202206.1:ENSG00000202538.1","ENST00000365336.1:ENST00000365668.1","snRNA:snRNA","U6_snRNA:U4_snRNA","snRNA:snRNA","7f692442fac00ac8","CTCGCTTCGGCAGCACATATACTAAAATTGGAACGATACAGAGAAGATTAGCATGGCCCCTGAGCAAGGATGACACGAAA_ATCCGAGGCGCGATTATTGCTAATTGAAAACTTTTCCAAATACCCCGCa",167,"3,4>6[1](1)>18","4,39","5,39","81,48","chr2:196378764:+,chr12:120729667:-",0.449612403100775,"...((....)).............................GAGAAGAUUA..............................|.......................","...................................|...................UAAU......CUUUUC.............",-5.55,10,2,"snRNA:snRNA","U6_snRNA:U4_snRNA"
"I","A:B","1:5","RNU4-2","RNU6-1249P","ENSG00000202538.1:ENSG00000200107.1","ENST00000365668.1:ENST00000363237.1","snRNA:snRNA","U4_snRNA:U6_snRNA","snRNA:snRNA","68cbddbc68c29419","GCCATGACGACTTGAAATATAGTCGGCATTGGCAATTT_TAAAATTGGAACGATACGGAGAAGATTAGCATGGCCCCa",99,"3,23>37>18","85,26","85,27","39,38","chr12:120729621:-,chr17:53629197:+",0.428571428571429,"GCCAUG.(((((........))))).............|.......(((....))).","..........................|............................CAUGGC....",-13.85,6,1,"snRNA:snRNA","U4_snRNA:U6_snRNA"
"I","A:B","1:42","RNU4-2","RNU6-154P","ENSG00000202538.1:ENSG00000207033.1","ENST00000365668.1:ENST00000384306.1","snRNA:snRNA","U4_snRNA:U6_snRNA","snRNA:snRNA","377639081bfbb711","GCGCGATTATTGCTAATTGAAAACTTTTCCCAATACCCCGCCATGACGACTTGAAATATAGTCGGCATTGGCAATTTTTGACAGTCTCTAC_AAATTGGAACGATACAGAGAAGATTAGCATGGCCACTGCGCAAg",207,"1,3>3>21","46,28","46,28","91,43","chr12:120729660:-,chrX:115532085:-",0.42962962962963,"............CUAAU......CUUUUC..................(((..........)))......................(((...|.))).","............................|...............GAGAAGAUUAG.................",-9.39,11,2,"snRNA:snRNA","U4_snRNA:U6_snRNA"
"I","A:B","1:23","RNU4-2","RNU6-31P","ENSG00000202538.1:ENSG00000207116.1","ENST00000365668.1:ENST00000384388.1","snRNA:snRNA","U4_snRNA:U6_snRNA","snRNA:snRNA","a22b237203d5e58a","TTTCCCAATACCCCGCCATGACGACTTGAAAAATAGTCGGCATTGGCAATTTC_AAAATTTGGAACGATACAGAGAAGATTAGCATGGCCCC",114,"1,2>2>17","71,27","71,28","52,38","chr12:120729635:-,chr2:201694759:+",0.43956043956044,"..............GCCAUG.((((..........))))..............|........(((....))).","...........................|............................CAUGGC...",-13.37,6,1,"snRNA:snRNA","U4_snRNA:U6_snRNA"
"I","A:B","16:1","RNU4-2","RNU6-585P","ENSG00000251928.1:ENSG00000202538.1","ENST00000516119.1:ENST00000365668.1","snRNA:snRNA","U6_snRNA:U4_snRNA","snRNA:snRNA","14e195ca0b57ca64","cgcaGATTAGCATGGCCCCTGCGCAAGGATGACGCAAAT_GGCGCGATTATTGCTAATTGAAAACTTTTCCCAATACCACa",89,"10,3>29[1](2)>19","9,45","4,45","36,40","chr11:16996026:-,chr12:120729661:-",0.475,".....AUUAGC............................|........................","...................................|...........GCUAAU.......................",-3.09,6,2,"snRNA:snRNA","U6_snRNA:U4_snRNA"
"I","A:B","1:3","RNU4-2","RNU6-991P","ENSG00000202538.1:ENSG00000251977.1","ENST00000365668.1:ENST00000516168.1","snRNA:snRNA","U4_snRNA:U6_snRNA","snRNA:snRNA","fb51c253e30688a1","ACCCAGCCATGACGACATGAAATATAGTCGGCATTGGCAAT_TATTCTAAAATTGGAACGAAACAGAGA",77,"2,1>4[1](2)>17","80,21","80,21","42,27","chr12:120729626:-,chr1:8352302:-",0.397058823529412,"......((....((((..........)))).....))..AU|uu.......(((....))).",".....................|......AAAU................",-7.8,4,1,"snRNA:snRNA","U4_snRNA:U6_snRNA"
"I","A:B","1:33","RNU4-2","RNU6-738P","ENSG00000202538.1:ENSG00000207261.1","ENST00000365668.1:ENST00000384531.1","snRNA:snRNA","U4_snRNA:U6_snRNA","snRNA:snRNA","66666fe6c45ea906","ATGACGACTTGAAATATAGTCGGCATTGGCAATTTTTGACAGTCTCTACGGAGA_ATGAAATTGGATTGATACAGAGAAGATTAGCATGGCCcatagaacggaagagcaaacgaatgacaacaatacacaattgaataactaatgccgaataatg",119,"2,1>3[1](1)>23","88,24","88,25","54,37","chr12:120729618:-,chr5:27111700:+",0.376623376623377,".....((((........))))GGCAUUGG..............(((....))).","........................|...................................................................................cuaaugcc........",-14.27,8,2,"snRNA:snRNA","U4_snRNA:U6_snRNA"
"I","A:B","7:1","RNU4-2","RNU6-310P","ENSG00000202538.1:ENSG00000207385.1","ENST00000365668.1:ENST00000384655.1","snRNA:snRNA","U4_snRNA:U6_snRNA","snRNA:snRNA","1fbe0a825982bd37","GTCGGCATTGGCAATTTTTGACAGTCTCTACGGAG_ACAGATACTAAAATTGGAATGATACAGAAAAGATTAGCATGGACCCa",105,"7,7>22>17","106,18","106,18","36,46","chr12:120729600:-,chr4:54131716:-",0.402439024390244,".....CA....CAAUUUU........((....)).","..................|........AAAAUUG...UG..........................",-4.53,7,1,"snRNA:snRNA","U4_snRNA:U6_snRNA"
"I","A:B","7:2","RNU4-2","RNU6-862P","ENSG00000199674.1:ENSG00000202538.1","ENST00000362804.1:ENST00000365668.1","snRNA:snRNA","U6_snRNA:U4_snRNA","snRNA:snRNA","9728e322a5110833","agaaGATTAGCATGGCCACTGCGCAAGGATGACAAGAAAA_TATCCGAGGCGCGATTAATGCTAATTGAAAACTTTTCCCAATACCCCGCC",115,"13,4>28>17","46,38","46,38","38,50","chr17:16041140:-,chr12:120729668:-",0.455555555555556,"..aaGAUUAGCAU...........................|......................","...................................|................AUGCUAAU......CUU................",-3.19,11,3,"snRNA:snRNA","U6_snRNA:U4_snRNA"
"I","A:B","1:18","RNU4-2","RNU6-21P","ENSG00000202538.1:ENSG00000207441.1","ENST00000365668.1:ENST00000384710.1","snRNA:snRNA","U4_snRNA:U6_snRNA","snRNA:snRNA","b7fcfd8be8f4e8d1","TAATTGAAAACTTTTCCCAATACCCCGCCATGACGACTTGAAATATAGTCGGCATTGGCAATT_TAAAATAGGAACGATACAGAGAAGATTAGCATGGCCACTGag",155,"1,17>17>18","59,26","59,26","64,40","chr12:120729647:-,chr16:62221524:-",0.4,"..........CUU..............((....(((((........))))).....)).....|........(((....))).","..........................|....................AAG..................",-9.71,3,0,"snRNA:snRNA","U4_snRNA:U6_snRNA"
"I","A:B","1:43","RNU4-2","RNU6-1266P","ENSG00000202538.1:ENSG00000199664.1","ENST00000365668.1:ENST00000362794.1","snRNA:snRNA","U4_snRNA:U6_snRNA","snRNA:snRNA","42a7091d5f5ffa2d","GCGCGATTATTGCTAATTGAAAACTTTTCCCAATACCCCGCCATGACGACTTGAAATATAGTCGGCATTGGCAATTTTTGACAGTCTCTAC_AAATTGGAACGATACAGAGAAGATTAGCATGGCCCCTGcgcaag",210,"1,2>2>20","46,28","46,28","91,38","chr12:120729660:-,chr10:79536785:-",0.437037037037037,"............CUAAU......CUUUUC..................(((..........)))......................(((...|.))).","............................|...............GAGAAGAUUAG.................",-9.39,11,2,"snRNA:snRNA","U4_snRNA:U6_snRNA"
"I","A:B","3:1","RNU4-2","SNORA21","ENSG00000199293.1:ENSG00000202538.1","ENST00000362423.1:ENST00000365668.1","snoRNA:snRNA","NA:U4_snRNA","NA:snRNA","521c4b52c132e672","AAGGGGAGAGTGAAAACATCGCTTTTGGGTGAAGTGGCAACATGTGTTGTTTGCTTCAATCGGTGGTGTGACAAGG_GAAAACTTTTCCCAATACCCCGCCATGACGACTTGAAATATAGTCGGCATTGGCAATTTTTGACAGTCTCTACGGAGAc",260,"2,2>6>30","57,64","NA,64","76,78","chr17:37009190:-,chr12:120729642:-",0.458064516129032,"..GGGG...((....))...........................................................","...................................|................CCCC.......(((((........)))))....................((((....)))).",-17.46,4,0,"snoRNA:snRNA","SNORA21:U4_snRNA"
"I","A:B","16:7","RNU4-2","RNU6-1266P","ENSG00000202538.1:ENSG00000199664.1","ENST00000365668.1:ENST00000362794.1","snRNA:snRNA","U4_snRNA:U6_snRNA","snRNA:snRNA","962491839de78f4b","CATGACGACTTGAAATATAGTCGGCATTGGCAATA_CTAAAATTGGATCGATACAGAGAAGATTAGCATGGCCCCagagatcggaagagacacgtctgaagaccagtcactgttgaagcgcgtatgccgtcttctgcgtggaactagaaggggggg",93,"4,11>21[1](4)>17","87,25","87,25","34,39","chr12:120729619:-,chr10:79536788:-",0.490322580645161,"......(((..........))).............|..........(((....))).",".........................|.......................................................................................................................",-6.14,0,0,"snRNA:snRNA","U4_snRNA:U6_snRNA"
"I","A:B","2:5","RNU4-2","RNU6-253P","ENSG00000202538.1:ENSG00000207461.1","ENST00000365668.1:ENST00000384730.1","snRNA:snRNA","U4_snRNA:U6_snRNA","snRNA:snRNA","82684328dc43fc9a","tgaaaTAGTCGGCATTGGCAATTTTTGACAGTCTCTACGGAGAC_TGCTAAAATTGGAATGATACAGAGAAGATTAGCATGGCCCcagatcggaagacacacgtctgaactccagtcacactagaatctcgtatgccgtcttcggcttgaaaaaa",105,"5,4>16>17","103,22","103,26","39,40","chr12:120729603:-,chr6:117778979:-",0.441558441558442,".........CGGCAU................((((....)))).","......................|......................................................................................augccg.................",-10.61,6,1,"snRNA:snRNA","U4_snRNA:U6_snRNA"
"I","A:B","3:10","RNU4-2","RNU6-23P","ENSG00000200153.1:ENSG00000202538.1","ENST00000363283.1:ENST00000365668.1","snRNA:snRNA","U6_snRNA:U4_snRNA","snRNA:snRNA","dd4409c732cefff4","CTAAAATTGGAACGATACAGAGAAGATTAGCATGGCCCCTGCGCAAGGATGACACGCAAATTCGTGAAGCGTTCCATA_TTTATCCGAGGCGCGATTATTGCTAATTGAAAACTTTTCCCAATACCCCGCC",191,"3,3>4>17","25,36","25,36","78,52","chr16:70479277:-,chr12:120729670:-",0.453846153846154,"........((((((.........................UGCGCAA.......................))))))...|.....","...uugcgca.........................|...................................................",-8.64,7,0,"snRNA:snRNA","U6_snRNA:U4_snRNA"
"I","A:B","1:7","RNU4-2","SNORD58A","ENSG00000202538.1:ENSG00000206602.1","ENST00000365668.1:ENST00000383875.1","snRNA:snoRNA","U4_snRNA:NA","snRNA:NA","ade65992fb121a98","CATGACGACTTGAAATATAGTCGGCATTGGCAATTT_CTGCAGTGATGACTTTCTTAGGACACC",78,"3,2>17[1](2)>19","87,1","87,NA","36,27","chr12:120729619:-,chr18:47017716:-",0.428571428571429,".....(((((........))))).............|........(((....))).","...((....))................",-12.74,0,0,"snRNA:snoRNA","U4_snRNA:SNORD58A"
"I","A:B","1:19","RNU4-2","RNU6-253P","ENSG00000202538.1:ENSG00000207461.1","ENST00000365668.1:ENST00000384730.1","snRNA:snRNA","U4_snRNA:U6_snRNA","snRNA:snRNA","2cbe7d2a15e02d1e","CGACTTGAAATATAGTCGGCATTGGCAATTTTTGACAGTCTCTACGGAGAC_TGCTAAAATTGGAATGATACAGAGAAGATTAGCATGGCCCc",125,"2,1>2>19","92,22","92,26","50,40","chr12:120729614:-,chr6:117778979:-",0.423913043478261,".(((..........))).GCAUUG..............((((....)))).","............cagugc....|........................................",-11.35,6,1,"snRNA:snRNA","U4_snRNA:U6_snRNA"
"I","A:B","1:42","RNU4-2","RNU6-51P","ENSG00000202538.1:ENSG00000251902.1","ENST00000365668.1:ENST00000516093.1","snRNA:snRNA","U4_snRNA:U6_snRNA","snRNA:snRNA","6f2ae8da5be3662a","AAAACCCCGCCATGACGACTTGAAATATAGTAGGCATTGGCAATTTTTGACAGTCACTACGGAGAC_TGAAAATTGGAACGATACAGAGAAGATTAGCATGGCCCc",125,"1,1>2[1](1)>29","77,23","77,23","65,38","chr12:120729629:-,chr13:21573583:-",0.438095238095238,"........GCCAUG....................................................",".......................|.............................CAUGGC...",-5.6,6,1,"snRNA:snRNA","U4_snRNA:U6_snRNA"
"I","A:B","1:47","RNU4-2","RNU6-888P","ENSG00000202538.1:ENSG00000199880.1","ENST00000365668.1:ENST00000363010.1","snRNA:snRNA","U4_snRNA:U6_snRNA","snRNA:snRNA","74dffef8b433930f","CAGTGGCAGTATCGTAGCCAATGAGGTTTATCCGAGGCGCGATTATTGCTAATTGAAAACTTTTCCCAATACCCCGCCATGACGACTTGAAATATAGTCGGCATTA_CTAAAATTGAACGATACAGAGAAGATTAGCTTGGCCAC",226,"1,1>2[1](1)>39","10,22","10,22","105,38","chr12:120729696:-,chr5:137458778:-",0.430555555555556,"........GUAUCGU...................................................................(((((........)))))......|................(((....))).","......................|.........ACGAUAC.....................",-12.85,7,2,"snRNA:snRNA","U4_snRNA:U6_snRNA"
"I","A:B","1:47","RNU4-2","RNU6-301P","ENSG00000202538.1:ENSG00000207004.1","ENST00000365668.1:ENST00000384277.1","snRNA:snRNA","U4_snRNA:U6_snRNA","snRNA:snRNA","c5a562892dfbfd46","CAGTGGCAGTATCGTAGCAAATGAGGTTTATCCGAGGCGCGATTATTGCTAATTGAAAACTTTTCCCAATAACCCGCCATGACGACTTGAAATATAGTCGGCATT_ACTAAAATTGCAAGATACAGAGAAGATTAGCATGGCCCC",213,"1,2>3[1](1)>35","10,24","10,25","105,39","chr12:120729696:-,chr14:52190845:+",0.423611111111111,"...............................CCGAGGCG...........................................(((((........))))).....|................(((....))).",".....cgccuugg...........|......................................",-17.51,8,0,"snRNA:snRNA","U4_snRNA:U6_snRNA"
"I","A:B","1:5","RNU4-2","RNU6-958P","ENSG00000202538.1:ENSG00000252804.1","ENST00000365668.1:ENST00000516995.1","snRNA:snRNA","U4_snRNA:U6_snRNA","snRNA:snRNA","affe3c1b51c0e905","CAATACCCCGCCATGACGACTTGAAATATAGTCGGCATTGGAAATT_TACTAAAATTGGAACGATACTGAGA",90,"1,44>45[1](1)>21","76,23","76,24","47,25","chr12:120729630:-,chr2:43635469:+",0.394366197183099,"................((((..........))))............|....cag.(((....))).",".(((..((....)).))).....|..................CUG...",-11.49,3,0,"snRNA:snRNA","U4_snRNA:U6_snRNA"
"I","A:B","3:1","RNU4-2","RNA5SP429","ENSG00000200558.1:ENSG00000202538.1","ENST00000363688.1:ENST00000365668.1","rRNA:snRNA","5S_rRNA:U4_snRNA","rRNA:snRNA","33dfd9d79b3c0eec","TACGGCCATACCACCCTGAACGCGCCCGATCTCGTCTGATCTCGGA_TTATCCGAGGCGCGATTATTGCTAATTGAAAACTTTTCCCAATACCCCGC",144,"16,3>42>20","37,1","3,37","46,50","chr16:68776384:+,chr12:120729669:-",0.520833333333333,"....................CGCGCC....................|...........................","........GGCGCG....................................",-7.73,6,0,"rRNA:snRNA","5S_rRNA:U4_snRNA"
